{
  "name": "ncmb",
  "version": "3.1.1",
  "homepage": "https://mbaas.nifcloud.com/",
  "repository": {
    "type": "git",
    "url": "git+https://github.com/NIFCLOUD-mbaas/ncmb_js"
  },
  "description": "JavaScript SDK for NIFCLOUD mobile backend",
  "main": "ncmb.min.js",
  "keywords": [
    "mbaas",
    "parse",
    "development",
    "sdk",
    "smartphone",
    "tool",
    "pushnotification"
  ],
  "license": "Apache License Version 2.0",
  "ignore": [
    "coverage",
    "scratch/",
    "**/.*",
    "node_modules",
    "bower_components",
    "config",
    "lib",
    "test",
    "CONTRIBUTING.md",
    "package.json"
  ],
  "_release": "3.1.1",
  "_resolution": {
    "type": "version",
    "tag": "v3.1.1",
    "commit": "8ed0f8be4113550b292c1b29c326220ef7fc37b5"
  },
  "_source": "https://github.com/NIFTYCloud-mbaas/ncmb_js.git",
  "_target": "3.1.1",
  "_originalSource": "ncmb",
  "_direct": true
}